{
    "name": "dtd-shop",
    "title": "dtd-shop",
    "description": "https://deathtrapdungeons.com/#/merkals is now in Beta.",
    "version": "1.8",
    "authors": [{
        "name": "DM Liquidity",
        "url": "https://DeathTrapDungeons.com"
    }],
	"manifest" : "https://dtd-dnd-assets.s3.ap-southeast-2.amazonaws.com/dtd-shop-v3/module.json",
	"download" : "https://dtd-dnd-assets.s3.ap-southeast-2.amazonaws.com/dtd-shop-v3/dtd-shop-foundary.zip",
    "scripts": [
		"./dtd.js"		
	],
    "styles": [],
    "packs": [],
    "dependencies": [{
        "name": "dlopen",
        "type": "module",
        "manifest": "https://raw.githubusercontent.com/ForgeVTT/fvtt-module-dlopen/master/module.json"
    }],
    "minimumCoreVersion": "9",
    "compatibleCoreVersion": "9"
}
